Channel,design,n,mpnn,plddt,i_ptm,i_pae,rmsd,seq
Nav1.2,0,0,1.670964132,0.264105022,0.10404928,25.90797788,28.1592617,ALIQSVKKLSDVMILTVFCLSFLGSFYLINLILAVVAMAYEEQNQATMTEEQKKYYNAMKKLGSKKPQKPIPRPANFTIGWNIFDFVVVILSIVGMFLAELIEKYFVSPTLFRVIRLARIGRILRLIKGAKGIRTLLFALMMSLPALFNIGLLLFLVMFIYAIFGMSIIISFLVVVNMYIAVILENFSVATEE/LLIVKLLAEK
Nav1.2,0,1,1.716530679,0.305697739,0.180560946,23.28447151,31.25585365,ALIQSVKKLSDVMILTVFCLSFLGSFYLINLILAVVAMAYEEQNQATMTEEQKKYYNAMKKLGSKKPQKPIPRPANFTIGWNIFDFVVVILSIVGMFLAELIEKYFVSPTLFRVIRLARIGRILRLIKGAKGIRTLLFALMMSLPALFNIGLLLFLVMFIYAIFGMSIIISFLVVVNMYIAVILENFSVATEE/LLEVLKLAKK
Nav1.2,1,0,1.619780026,0.279690266,0.135494381,25.08698273,24.42000198,ALIQSVKKLSDVMILTVFCLSFLGSFYLINLILAVVAMAYEEQNQATMTEEQKKYYNAMKKLGSKKPQKPIPRPANFTIGWNIFDFVVVILSIVGMFLAELIEKYFVSPTLFRVIRLARIGRILRLIKGAKGIRTLLFALMMSLPALFNIGLLLFLVMFIYAIFGMSIIISFLVVVNMYIAVILENFSVATEE/LLLFLLVKKL
Nav1.2,1,1,1.61258087,0.279690266,0.135494381,25.08698273,24.42000198,ALIQSVKKLSDVMILTVFCLSFLGSFYLINLILAVVAMAYEEQNQATMTEEQKKYYNAMKKLGSKKPQKPIPRPANFTIGWNIFDFVVVILSIVGMFLAELIEKYFVSPTLFRVIRLARIGRILRLIKGAKGIRTLLFALMMSLPALFNIGLLLFLVMFIYAIFGMSIIISFLVVVNMYIAVILENFSVATEE/LLLFLLVKKL
Nav1.2,2,0,1.311588447,0.220756114,0.121419363,24.86878633,26.43888092,ALIQSVKKLSDVMILTVFCLSFLGSFYLINLILAVVAMAYEEQNQATMTEEQKKYYNAMKKLGSKKPQKPIPRPANFTIGWNIFDFVVVILSIVGMFLAELIEKYFVSPTLFRVIRLARIGRILRLIKGAKGIRTLLFALMMSLPALFNIGLLLFLVMFIYAIFGMSIIISFLVVVNMYIAVILENFSVATEE/DYYLPVLALI
Nav1.2,2,1,1.35445842,0.568643898,0.531189084,14.48365211,5.720145226,ALIQSVKKLSDVMILTVFCLSFLGSFYLINLILAVVAMAYEEQNQATMTEEQKKYYNAMKKLGSKKPQKPIPRPANFTIGWNIFDFVVVILSIVGMFLAELIEKYFVSPTLFRVIRLARIGRILRLIKGAKGIRTLLFALMMSLPALFNIGLLLFLVMFIYAIFGMSIIISFLVVVNMYIAVILENFSVATEE/DYYLPEILKI
BK,3,0,1.526939876,0.292473793,0.115163632,25.07905775,26.69474792,ALIQSVKKLSDVMILTVFCLSFLGSFYLINLILAVVAMAYEEQNQATMTEEQKKYYNAMKKLGSKKPQKPIPRPANFTIGWNIFDFVVVILSIVGMFLAELIEKYFVSPTLFRVIRLARIGRILRLIKGAKGIRTLLFALMMSLPALFNIGLLLFLVMFIYAIFGMSIIISFLVVVNMYIAVILENFSVATEE/LLFEILKLLG
BK,3,1,1.574088685,0.312396586,0.111420222,25.31439567,33.38283157,ALIQSVKKLSDVMILTVFCLSFLGSFYLINLILAVVAMAYEEQNQATMTEEQKKYYNAMKKLGSKKPQKPIPRPANFTIGWNIFDFVVVILSIVGMFLAELIEKYFVSPTLFRVIRLARIGRILRLIKGAKGIRTLLFALMMSLPALFNIGLLLFLVMFIYAIFGMSIIISFLVVVNMYIAVILENFSVATEE/SLWELLKKLG
BK,4,0,1.466576026,0.302256465,0.13748911,25.06625843,29.09628677,ALIQSVKKLSDVMILTVFCLSFLGSFYLINLILAVVAMAYEEQNQATMTEEQKKYYNAMKKLGSKKPQKPIPRPANFTIGWNIFDFVVVILSIVGMFLAELIEKYFVSPTLFRVIRLARIGRILRLIKGAKGIRTLLFALMMSLPALFNIGLLLFLVMFIYAIFGMSIIISFLVVVNMYIAVILENFSVATEE/LVILLILILM
BK,4,1,1.487688349,0.30949384,0.21154502,21.88833278,18.87038803,ALIQSVKKLSDVMILTVFCLSFLGSFYLINLILAVVAMAYEEQNQATMTEEQKKYYNAMKKLGSKKPQKPIPRPANFTIGWNIFDFVVVILSIVGMFLAELIEKYFVSPTLFRVIRLARIGRILRLIKGAKGIRTLLFALMMSLPALFNIGLLLFLVMFIYAIFGMSIIISFLVVVNMYIAVILENFSVATEE/LVVFLILLLM
BK,5,0,1.392094557,0.284580708,0.157770783,24.48585063,3.397523403,ALIQSVKKLSDVMILTVFCLSFLGSFYLINLILAVVAMAYEEQNQATMTEEQKKYYNAMKKLGSKKPQKPIPRPANFTIGWNIFDFVVVILSIVGMFLAELIEKYFVSPTLFRVIRLARIGRILRLIKGAKGIRTLLFALMMSLPALFNIGLLLFLVMFIYAIFGMSIIISFLVVVNMYIAVILENFSVATEE/SLALEIVEKE
KCNQ,5,1,1.45593213,0.247543395,0.126129374,24.66247094,8.533480644,ALIQSVKKLSDVMILTVFCLSFLGSFYLINLILAVVAMAYEEQNQATMTEEQKKYYNAMKKLGSKKPQKPIPRPANFTIGWNIFDFVVVILSIVGMFLAELIEKYFVSPTLFRVIRLARIGRILRLIKGAKGIRTLLFALMMSLPALFNIGLLLFLVMFIYAIFGMSIIISFLVVVNMYIAVILENFSVATEE/ALALELVAKE
KCNQ,6,0,1.645189093,0.304338515,0.150696963,24.34013015,29.90740204,ALIQSVKKLSDVMILTVFCLSFLGSFYLINLILAVVAMAYEEQNQATMTEEQKKYYNAMKKLGSKKPQKPIPRPANFTIGWNIFDFVVVILSIVGMFLAELIEKYFVSPTLFRVIRLARIGRILRLIKGAKGIRTLLFALMMSLPALFNIGLLLFLVMFIYAIFGMSIIISFLVVVNMYIAVILENFSVATEE/LISKLILKLL
KCNQ,6,1,1.605413864,0.309301257,0.149298012,24.26525956,22.95729637,ALIQSVKKLSDVMILTVFCLSFLGSFYLINLILAVVAMAYEEQNQATMTEEQKKYYNAMKKLGSKKPQKPIPRPANFTIGWNIFDFVVVILSIVGMFLAELIEKYFVSPTLFRVIRLARIGRILRLIKGAKGIRTLLFALMMSLPALFNIGLLLFLVMFIYAIFGMSIIISFLVVVNMYIAVILENFSVATEE/LLFLIILKLL
KCNQ,7,0,1.560803638,0.31350708,0.168339461,23.56371921,30.58870125,ALIQSVKKLSDVMILTVFCLSFLGSFYLINLILAVVAMAYEEQNQATMTEEQKKYYNAMKKLGSKKPQKPIPRPANFTIGWNIFDFVVVILSIVGMFLAELIEKYFVSPTLFRVIRLARIGRILRLIKGAKGIRTLLFALMMSLPALFNIGLLLFLVMFIYAIFGMSIIISFLVVVNMYIAVILENFSVATEE/YSLYMIIKEL
KCNQ,7,1,1.33681414,0.553117067,0.479515672,16.27376497,32.23592377,ALIQSVKKLSDVMILTVFCLSFLGSFYLINLILAVVAMAYEEQNQATMTEEQKKYYNAMKKLGSKKPQKPIPRPANFTIGWNIFDFVVVILSIVGMFLAELIEKYFVSPTLFRVIRLARIGRILRLIKGAKGIRTLLFALMMSLPALFNIGLLLFLVMFIYAIFGMSIIISFLVVVNMYIAVILENFSVATEE/KSLYEIIKEL
